model,hidden_units,weight_path,num_params,state_dict_size_mb,inference_time_sec,inference_batches,inference_samples,inference_ms_per_batch,inference_ms_per_sample
gru,32,results/gru_transformer_hidden_units_ablation/best_model_gru_h32_20260131_112228.pt,6396,0.0243988037109375,0.8976311683654785,1319,21092,0.6805391723771634,0.04255789722954099
gru,64,results/gru_transformer_hidden_units_ablation/best_model_gru_h64_20260131_112228.pt,21996,0.0839080810546875,0.9491348266601562,1319,21092,0.719586676770399,0.04499975472502163
gru,128,results/gru_transformer_hidden_units_ablation/best_model_gru_h128_20260131_112228.pt,80844,0.3083953857421875,0.9224143028259277,1319,21092,0.6993285085867534,0.043732898863357086
gru,256,results/gru_transformer_hidden_units_ablation/best_model_gru_h256_20260131_112228.pt,309132,1.1792449951171875,1.954284429550171,1319,21092,1.4816409625096065,0.0926552450953049
transformer,32,results/gru_transformer_hidden_units_ablation/best_model_transformer_h32_20260131_112228.pt,27740,0.1058197021484375,1.5954084396362305,1319,21092,1.2095590899440716,0.07564045323517117
transformer,64,results/gru_transformer_hidden_units_ablation/best_model_transformer_h64_20260131_112228.pt,107692,0.4108123779296875,1.638005018234253,1319,21092,1.2418536908523525,0.0776600141396858
transformer,128,results/gru_transformer_hidden_units_ablation/best_model_transformer_h128_20260131_112228.pt,424268,1.6184539794921875,1.6481764316558838,1319,21092,1.2495651490946806,0.07814225448776237
transformer,256,results/gru_transformer_hidden_units_ablation/best_model_transformer_h256_20260131_112228.pt,1684108,6.4243621826171875,1.7164978981018066,1319,21092,1.3013630766503461,0.08138146681688824
